-- phpMyAdmin SQL Dump
-- version 4.4.14
-- http://www.phpmyadmin.net
--
-- Host: 127.0.0.1
-- Generation Time: Dec 08, 2024 at 11:03 AM
-- Server version: 5.6.26
-- PHP Version: 5.5.28

SET SQL_MODE = "NO_AUTO_VALUE_ON_ZERO";
SET time_zone = "+00:00";


/*!40101 SET @OLD_CHARACTER_SET_CLIENT=@@CHARACTER_SET_CLIENT */;
/*!40101 SET @OLD_CHARACTER_SET_RESULTS=@@CHARACTER_SET_RESULTS */;
/*!40101 SET @OLD_COLLATION_CONNECTION=@@COLLATION_CONNECTION */;
/*!40101 SET NAMES utf8mb4 */;

--
-- Database: `acp_management_db`
--

-- --------------------------------------------------------

--
-- Table structure for table `bill_tbl`
--

CREATE TABLE IF NOT EXISTS `bill_tbl` (
  `bill_id` int(11) NOT NULL,
  `unit_id` varchar(10) NOT NULL,
  `name` varchar(100) NOT NULL,
  `rent` int(10) NOT NULL,
  `electricity` float NOT NULL,
  `water` float NOT NULL,
  `internet` int(10) NOT NULL,
  `month` int(11) NOT NULL,
  `year` int(11) NOT NULL
) ENGINE=InnoDB AUTO_INCREMENT=224 DEFAULT CHARSET=latin1;

--
-- Dumping data for table `bill_tbl`
--

INSERT INTO `bill_tbl` (`bill_id`, `unit_id`, `name`, `rent`, `electricity`, `water`, `internet`, `month`, `year`) VALUES
(161, '1', 'Ched Neo Garcia', 3000, 316.575, 316.575, 300, 12, 2024),
(162, '1', 'Ched Neo Garcia', 3000, 362.235, 362.235, 300, 11, 2024),
(163, '1', 'Ched Neo Garcia', 3000, 296.45, 296.45, 300, 10, 2024),
(164, '1', 'Ched Neo Garcia', 3000, 328.005, 328.005, 300, 9, 2024),
(165, '1', 'Ched Neo Garcia', 3000, 404.01, 404.01, 300, 8, 2024),
(166, '1', 'Ched Neo Garcia', 3000, 307.53, 307.53, 300, 7, 2024),
(167, '1', 'Ched Neo Garcia', 3000, 423.5, 423.5, 300, 6, 2024),
(168, '1', 'Ched Neo Garcia', 3000, 299.97, 299.97, 300, 5, 2024),
(169, '1', 'Ched Neo Garcia', 3000, 353.925, 353.925, 300, 4, 2024),
(170, '1', 'Ched Neo Garcia', 3000, 378.125, 378.125, 300, 3, 2024),
(171, '2', 'John Wick', 3000, 325.08, 325.08, 300, 12, 2024),
(172, '2', 'John Wick', 3000, 393.9, 393.9, 300, 11, 2024),
(173, '2', 'John Wick', 3000, 287.375, 287.375, 300, 10, 2024),
(174, '2', 'John Wick', 3000, 360.6, 360.6, 300, 9, 2024),
(175, '2', 'John Wick', 3000, 339.36, 339.36, 300, 8, 2024),
(176, '2', 'John Wick', 3000, 296.94, 296.94, 300, 7, 2024),
(177, '2', 'John Wick', 3000, 409.05, 409.05, 300, 6, 2024),
(178, '2', 'John Wick', 3000, 372.69, 372.69, 300, 5, 2024),
(179, '2', 'John Wick', 3000, 329.18, 329.18, 300, 4, 2024),
(180, '2', 'John Wick', 3000, 422.8, 422.8, 300, 3, 2024),
(181, '3', 'Jane Smith', 3000, 332.2, 332.2, 300, 12, 2024),
(182, '3', 'Jane Smith', 3000, 398.64, 398.64, 300, 11, 2024),
(183, '3', 'Jane Smith', 3000, 375.1, 375.1, 300, 10, 2024),
(184, '3', 'Jane Smith', 3000, 293.425, 293.425, 300, 9, 2024),
(185, '3', 'Jane Smith', 3000, 366.025, 366.025, 300, 8, 2024),
(186, '3', 'Jane Smith', 3000, 299.475, 299.475, 300, 7, 2024),
(187, '3', 'Jane Smith', 3000, 406.02, 406.02, 300, 6, 2024),
(188, '3', 'Jane Smith', 3000, 312.09, 312.09, 300, 5, 2024),
(189, '3', 'Jane Smith', 3000, 384.175, 384.175, 300, 4, 2024),
(190, '3', 'Jane Smith', 3000, 359.975, 359.975, 300, 3, 2024),
(191, '4', 'John Doe', 3000, 296.45, 296.45, 300, 12, 2024),
(192, '4', 'John Doe', 3000, 317.625, 317.625, 300, 11, 2024),
(193, '4', 'John Doe', 3000, 387.2, 387.2, 300, 10, 2024),
(194, '4', 'John Doe', 3000, 341.825, 341.825, 300, 9, 2024),
(195, '4', 'John Doe', 3000, 396.275, 396.275, 300, 8, 2024),
(196, '4', 'John Doe', 3000, 299.475, 299.475, 300, 7, 2024),
(197, '4', 'John Doe', 3000, 372.69, 372.69, 300, 6, 2024),
(198, '4', 'John Doe', 3000, 333.3, 333.3, 300, 5, 2024),
(199, '4', 'John Doe', 3000, 324.21, 324.21, 300, 4, 2024),
(200, '4', 'John Doe', 3000, 389.58, 389.58, 300, 3, 2024),
(201, '5', 'Juan Dela Cruz', 3000, 309.06, 309.06, 300, 12, 2024),
(202, '5', 'Juan Dela Cruz', 3000, 295.85, 295.85, 300, 11, 2024),
(203, '5', 'Juan Dela Cruz', 3000, 407.36, 407.36, 300, 10, 2024),
(204, '5', 'Juan Dela Cruz', 3000, 366.63, 366.63, 300, 9, 2024),
(205, '5', 'Juan Dela Cruz', 3000, 299.97, 299.97, 300, 8, 2024),
(206, '6', 'Peter Parker', 3000, 371.46, 371.46, 300, 12, 2024),
(207, '6', 'Peter Parker', 3000, 319.2, 319.2, 300, 11, 2024),
(208, '6', 'Peter Parker', 3000, 392.6, 392.6, 300, 10, 2024),
(209, '6', 'Peter Parker', 3000, 296.94, 296.94, 300, 9, 2024),
(210, '6', 'Peter Parker', 3000, 383.54, 383.54, 300, 8, 2024),
(211, '7', 'Marilyn Monroe', 3000, 299.97, 299.97, 300, 12, 2024),
(212, '7', 'Marilyn Monroe', 3000, 308.04, 308.04, 300, 11, 2024),
(213, '7', 'Marilyn Monroe', 3000, 378.75, 378.75, 300, 10, 2024),
(214, '7', 'Marilyn Monroe', 3000, 341.26, 341.26, 300, 9, 2024),
(215, '7', 'Marilyn Monroe', 3000, 396.93, 396.93, 300, 8, 2024),
(216, '8', 'Maya Hawke', 3000, 302, 302, 300, 12, 2024),
(217, '8', 'Maya Hawke', 3000, 375.72, 375.72, 300, 11, 2024),
(218, '8', 'Maya Hawke', 3000, 399.96, 399.96, 300, 10, 2024),
(219, '8', 'Maya Hawke', 3000, 287.85, 287.85, 300, 9, 2024),
(220, '8', 'Maya Hawke', 3000, 327.24, 327.24, 300, 8, 2024);

-- --------------------------------------------------------

--
-- Table structure for table `electricity_tbl`
--

CREATE TABLE IF NOT EXISTS `electricity_tbl` (
  `electricity_id` int(11) NOT NULL,
  `unit_id` int(11) NOT NULL,
  `prev_meter` float NOT NULL,
  `current_meter` float NOT NULL,
  `consumption` float NOT NULL,
  `rate` float NOT NULL,
  `electricity_total` float NOT NULL,
  `date` date NOT NULL
) ENGINE=InnoDB AUTO_INCREMENT=99 DEFAULT CHARSET=latin1;

--
-- Dumping data for table `electricity_tbl`
--

INSERT INTO `electricity_tbl` (`electricity_id`, `unit_id`, `prev_meter`, `current_meter`, `consumption`, `rate`, `electricity_total`, `date`) VALUES
(39, 1, 150.75, 180.9, 30.15, 10.5, 316.575, '2024-12-08'),
(40, 1, 180.9, 210.35, 29.45, 12.3, 362.235, '2024-11-08'),
(41, 1, 210.35, 240.6, 30.25, 9.8, 296.45, '2024-10-08'),
(42, 1, 240.6, 270.15, 29.55, 11.1, 328.005, '2024-09-08'),
(43, 1, 270.15, 300.3, 30.15, 13.4, 404.01, '2024-08-08'),
(44, 1, 300.3, 330.45, 30.15, 10.2, 307.53, '2024-07-08'),
(45, 1, 330.45, 360.7, 30.25, 14, 423.5, '2024-06-08'),
(46, 1, 360.7, 391, 30.3, 9.9, 299.97, '2024-05-08'),
(47, 1, 391, 421.25, 30.25, 11.7, 353.925, '2024-04-08'),
(48, 1, 421.25, 451.5, 30.25, 12.5, 378.125, '2024-03-08'),
(49, 2, 160.4, 190.5, 30.1, 10.8, 325.08, '2024-12-08'),
(50, 2, 190.5, 220.8, 30.3, 13, 393.9, '2024-11-08'),
(51, 2, 220.8, 251.05, 30.25, 9.5, 287.375, '2024-10-08'),
(52, 2, 251.05, 281.1, 30.05, 12, 360.6, '2024-09-08'),
(53, 2, 281.1, 311.4, 30.3, 11.2, 339.36, '2024-08-08'),
(54, 2, 311.4, 341.7, 30.3, 9.8, 296.94, '2024-07-08'),
(55, 2, 341.7, 372, 30.3, 13.5, 409.05, '2024-06-08'),
(56, 2, 372, 402.3, 30.3, 12.3, 372.69, '2024-05-08'),
(57, 2, 402.3, 432.5, 30.2, 10.9, 329.18, '2024-04-08'),
(58, 2, 432.5, 462.7, 30.2, 14, 422.8, '2024-03-08'),
(59, 3, 170.1, 200.3, 30.2, 11, 332.2, '2024-12-08'),
(60, 3, 200.3, 230.5, 30.2, 13.2, 398.64, '2024-11-08'),
(61, 3, 230.5, 260.75, 30.25, 12.4, 375.1, '2024-10-08'),
(62, 3, 260.75, 291, 30.25, 9.7, 293.425, '2024-09-08'),
(63, 3, 291, 321.25, 30.25, 12.1, 366.025, '2024-08-08'),
(64, 3, 321.25, 351.5, 30.25, 9.9, 299.475, '2024-07-08'),
(65, 3, 351.5, 381.8, 30.3, 13.4, 406.02, '2024-06-08'),
(66, 3, 381.8, 412.1, 30.3, 10.3, 312.09, '2024-05-08'),
(67, 3, 412.1, 442.35, 30.25, 12.7, 384.175, '2024-04-08'),
(68, 3, 442.35, 472.6, 30.25, 11.9, 359.975, '2024-03-08'),
(69, 4, 180.5, 210.75, 30.25, 9.8, 296.45, '2024-12-08'),
(70, 4, 210.75, 241, 30.25, 10.5, 317.625, '2024-11-08'),
(71, 4, 241, 271.25, 30.25, 12.8, 387.2, '2024-10-08'),
(72, 4, 271.25, 301.5, 30.25, 11.3, 341.825, '2024-09-08'),
(73, 4, 301.5, 331.75, 30.25, 13.1, 396.275, '2024-08-08'),
(74, 4, 331.75, 362, 30.25, 9.9, 299.475, '2024-07-08'),
(75, 4, 362, 392.3, 30.3, 12.3, 372.69, '2024-06-08'),
(76, 4, 392.3, 422.6, 30.3, 11, 333.3, '2024-05-08'),
(77, 4, 422.6, 452.9, 30.3, 10.7, 324.21, '2024-04-08'),
(78, 4, 452.9, 483.1, 30.2, 12.9, 389.58, '2024-03-08'),
(79, 5, 150, 180.3, 30.3, 10.2, 309.06, '2024-12-08'),
(80, 5, 180.3, 210.8, 30.5, 9.7, 295.85, '2024-11-08'),
(81, 5, 210.8, 241.2, 30.4, 13.4, 407.36, '2024-10-08'),
(82, 5, 241.2, 271.5, 30.3, 12.1, 366.63, '2024-09-08'),
(83, 5, 271.5, 301.8, 30.3, 9.9, 299.97, '2024-08-08'),
(84, 6, 160.2, 190.4, 30.2, 12.3, 371.46, '2024-12-08'),
(85, 6, 190.4, 220.8, 30.4, 10.5, 319.2, '2024-11-08'),
(86, 6, 220.8, 251, 30.2, 13, 392.6, '2024-10-08'),
(87, 6, 251, 281.3, 30.3, 9.8, 296.94, '2024-09-08'),
(88, 6, 281.3, 311.5, 30.2, 12.7, 383.54, '2024-08-08'),
(89, 7, 170.5, 200.8, 30.3, 9.9, 299.97, '2024-12-08'),
(90, 7, 200.8, 231, 30.2, 10.2, 308.04, '2024-11-08'),
(91, 7, 231, 261.3, 30.3, 12.5, 378.75, '2024-10-08'),
(92, 7, 261.3, 291.5, 30.2, 11.3, 341.26, '2024-09-08'),
(93, 7, 291.5, 321.8, 30.3, 13.1, 396.93, '2024-08-08'),
(94, 8, 180.2, 210.4, 30.2, 10, 302, '2024-12-08'),
(95, 8, 210.4, 240.7, 30.3, 12.4, 375.72, '2024-11-08'),
(96, 8, 240.7, 271, 30.3, 13.2, 399.96, '2024-10-08'),
(97, 8, 271, 301.3, 30.3, 9.5, 287.85, '2024-09-08'),
(98, 8, 301.3, 331.6, 30.3, 10.8, 327.24, '2024-08-08');

-- --------------------------------------------------------

--
-- Table structure for table `tenant_tbl`
--

CREATE TABLE IF NOT EXISTS `tenant_tbl` (
  `tenant_id` int(11) NOT NULL,
  `first_name` varchar(50) NOT NULL,
  `last_name` varchar(50) NOT NULL,
  `contact` varchar(20) NOT NULL,
  `email` varchar(50) NOT NULL,
  `photo` varchar(100) NOT NULL
) ENGINE=InnoDB AUTO_INCREMENT=9 DEFAULT CHARSET=latin1;

--
-- Dumping data for table `tenant_tbl`
--

INSERT INTO `tenant_tbl` (`tenant_id`, `first_name`, `last_name`, `contact`, `email`, `photo`) VALUES
(1, 'Ched Neo', 'Garcia', '09123456789', 'chedneogarcia@gmail.com', 'ched.jpg'),
(2, 'John', 'Doe', '0987654321', 'johndoe@icloud.com', 'john.jpg'),
(3, 'Jane', 'Smith', '09998887777', 'janesmith@outlook.com', 'jane.jpg'),
(4, 'Juan', 'Dela Cruz', '09121231234', 'juandelacruz@yahoo.com', 'juan.jpg'),
(5, 'Peter', 'Parker', '09554433221', 'peter@google.com', 'peter.jpg'),
(6, 'John', 'Wick', '0999123789', 'johnwick@gmail.com', 'wick.jpg'),
(7, 'Marilyn', 'Monroe', '09784561239', 'marilyn@icloud.com', 'marilyn.jpg'),
(8, 'Maya', 'Hawke', '09321659876', 'mayahawke@yahoo.com', 'maya.jpg');

-- --------------------------------------------------------

--
-- Table structure for table `unit_tbl`
--

CREATE TABLE IF NOT EXISTS `unit_tbl` (
  `unit_id` int(11) NOT NULL,
  `name` varchar(100) NOT NULL,
  `occupancy` tinyint(1) NOT NULL,
  `occupancy_start` date DEFAULT NULL,
  `occupancy_end` date DEFAULT NULL
) ENGINE=InnoDB AUTO_INCREMENT=9 DEFAULT CHARSET=latin1;

--
-- Dumping data for table `unit_tbl`
--

INSERT INTO `unit_tbl` (`unit_id`, `name`, `occupancy`, `occupancy_start`, `occupancy_end`) VALUES
(1, 'Ched Neo Garcia', 1, '2024-01-22', NULL),
(2, 'John Wick', 0, '2024-02-14', '2024-11-01'),
(3, 'Jane Smith', 1, '2022-08-16', NULL),
(4, 'John Doe', 1, '2022-05-20', NULL),
(5, 'Juan Dela Cruz', 1, '2023-02-14', NULL),
(6, 'Peter Parker', 1, '2020-02-25', NULL),
(7, 'Marilyn Monroe', 1, '2024-01-01', NULL),
(8, 'Maya Hawke', 1, '2021-09-15', NULL);

-- --------------------------------------------------------

--
-- Table structure for table `water_tbl`
--

CREATE TABLE IF NOT EXISTS `water_tbl` (
  `water_id` int(11) NOT NULL,
  `unit_id` int(11) NOT NULL,
  `prev_meter` float NOT NULL,
  `current_meter` float NOT NULL,
  `consumption` float NOT NULL,
  `rate` float NOT NULL,
  `water_total` float NOT NULL,
  `date` date NOT NULL
) ENGINE=InnoDB AUTO_INCREMENT=99 DEFAULT CHARSET=latin1;

--
-- Dumping data for table `water_tbl`
--

INSERT INTO `water_tbl` (`water_id`, `unit_id`, `prev_meter`, `current_meter`, `consumption`, `rate`, `water_total`, `date`) VALUES
(39, 1, 150.75, 180.9, 30.15, 10.5, 316.575, '2024-12-08'),
(40, 1, 180.9, 210.35, 29.45, 12.3, 362.235, '2024-11-08'),
(41, 1, 210.35, 240.6, 30.25, 9.8, 296.45, '2024-10-08'),
(42, 1, 240.6, 270.15, 29.55, 11.1, 328.005, '2024-09-08'),
(43, 1, 270.15, 300.3, 30.15, 13.4, 404.01, '2024-08-08'),
(44, 1, 300.3, 330.45, 30.15, 10.2, 307.53, '2024-07-08'),
(45, 1, 330.45, 360.7, 30.25, 14, 423.5, '2024-06-08'),
(46, 1, 360.7, 391, 30.3, 9.9, 299.97, '2024-05-08'),
(47, 1, 391, 421.25, 30.25, 11.7, 353.925, '2024-04-08'),
(48, 1, 421.25, 451.5, 30.25, 12.5, 378.125, '2024-03-08'),
(49, 2, 160.4, 190.5, 30.1, 10.8, 325.08, '2024-12-08'),
(50, 2, 190.5, 220.8, 30.3, 13, 393.9, '2024-11-08'),
(51, 2, 220.8, 251.05, 30.25, 9.5, 287.375, '2024-10-08'),
(52, 2, 251.05, 281.1, 30.05, 12, 360.6, '2024-09-08'),
(53, 2, 281.1, 311.4, 30.3, 11.2, 339.36, '2024-08-08'),
(54, 2, 311.4, 341.7, 30.3, 9.8, 296.94, '2024-07-08'),
(55, 2, 341.7, 372, 30.3, 13.5, 409.05, '2024-06-08'),
(56, 2, 372, 402.3, 30.3, 12.3, 372.69, '2024-05-08'),
(57, 2, 402.3, 432.5, 30.2, 10.9, 329.18, '2024-04-08'),
(58, 2, 432.5, 462.7, 30.2, 14, 422.8, '2024-03-08'),
(59, 3, 170.1, 200.3, 30.2, 11, 332.2, '2024-12-08'),
(60, 3, 200.3, 230.5, 30.2, 13.2, 398.64, '2024-11-08'),
(61, 3, 230.5, 260.75, 30.25, 12.4, 375.1, '2024-10-08'),
(62, 3, 260.75, 291, 30.25, 9.7, 293.425, '2024-09-08'),
(63, 3, 291, 321.25, 30.25, 12.1, 366.025, '2024-08-08'),
(64, 3, 321.25, 351.5, 30.25, 9.9, 299.475, '2024-07-08'),
(65, 3, 351.5, 381.8, 30.3, 13.4, 406.02, '2024-06-08'),
(66, 3, 381.8, 412.1, 30.3, 10.3, 312.09, '2024-05-08'),
(67, 3, 412.1, 442.35, 30.25, 12.7, 384.175, '2024-04-08'),
(68, 3, 442.35, 472.6, 30.25, 11.9, 359.975, '2024-03-08'),
(69, 4, 180.5, 210.75, 30.25, 9.8, 296.45, '2024-12-08'),
(70, 4, 210.75, 241, 30.25, 10.5, 317.625, '2024-11-08'),
(71, 4, 241, 271.25, 30.25, 12.8, 387.2, '2024-10-08'),
(72, 4, 271.25, 301.5, 30.25, 11.3, 341.825, '2024-09-08'),
(73, 4, 301.5, 331.75, 30.25, 13.1, 396.275, '2024-08-08'),
(74, 4, 331.75, 362, 30.25, 9.9, 299.475, '2024-07-08'),
(75, 4, 362, 392.3, 30.3, 12.3, 372.69, '2024-06-08'),
(76, 4, 392.3, 422.6, 30.3, 11, 333.3, '2024-05-08'),
(77, 4, 422.6, 452.9, 30.3, 10.7, 324.21, '2024-04-08'),
(78, 4, 452.9, 483.1, 30.2, 12.9, 389.58, '2024-03-08'),
(79, 5, 150, 180.3, 30.3, 10.2, 309.06, '2024-12-08'),
(80, 5, 180.3, 210.8, 30.5, 9.7, 295.85, '2024-11-08'),
(81, 5, 210.8, 241.2, 30.4, 13.4, 407.36, '2024-10-08'),
(82, 5, 241.2, 271.5, 30.3, 12.1, 366.63, '2024-09-08'),
(83, 5, 271.5, 301.8, 30.3, 9.9, 299.97, '2024-08-08'),
(84, 6, 160.2, 190.4, 30.2, 12.3, 371.46, '2024-12-08'),
(85, 6, 190.4, 220.8, 30.4, 10.5, 319.2, '2024-11-08'),
(86, 6, 220.8, 251, 30.2, 13, 392.6, '2024-10-08'),
(87, 6, 251, 281.3, 30.3, 9.8, 296.94, '2024-09-08'),
(88, 6, 281.3, 311.5, 30.2, 12.7, 383.54, '2024-08-08'),
(89, 7, 170.5, 200.8, 30.3, 9.9, 299.97, '2024-12-08'),
(90, 7, 200.8, 231, 30.2, 10.2, 308.04, '2024-11-08'),
(91, 7, 231, 261.3, 30.3, 12.5, 378.75, '2024-10-08'),
(92, 7, 261.3, 291.5, 30.2, 11.3, 341.26, '2024-09-08'),
(93, 7, 291.5, 321.8, 30.3, 13.1, 396.93, '2024-08-08'),
(94, 8, 180.2, 210.4, 30.2, 10, 302, '2024-12-08'),
(95, 8, 210.4, 240.7, 30.3, 12.4, 375.72, '2024-11-08'),
(96, 8, 240.7, 271, 30.3, 13.2, 399.96, '2024-10-08'),
(97, 8, 271, 301.3, 30.3, 9.5, 287.85, '2024-09-08'),
(98, 8, 301.3, 331.6, 30.3, 10.8, 327.24, '2024-08-08');

--
-- Indexes for dumped tables
--

--
-- Indexes for table `bill_tbl`
--
ALTER TABLE `bill_tbl`
  ADD PRIMARY KEY (`bill_id`);

--
-- Indexes for table `electricity_tbl`
--
ALTER TABLE `electricity_tbl`
  ADD PRIMARY KEY (`electricity_id`);

--
-- Indexes for table `tenant_tbl`
--
ALTER TABLE `tenant_tbl`
  ADD PRIMARY KEY (`tenant_id`);

--
-- Indexes for table `unit_tbl`
--
ALTER TABLE `unit_tbl`
  ADD PRIMARY KEY (`unit_id`);

--
-- Indexes for table `water_tbl`
--
ALTER TABLE `water_tbl`
  ADD PRIMARY KEY (`water_id`);

--
-- AUTO_INCREMENT for dumped tables
--

--
-- AUTO_INCREMENT for table `bill_tbl`
--
ALTER TABLE `bill_tbl`
  MODIFY `bill_id` int(11) NOT NULL AUTO_INCREMENT,AUTO_INCREMENT=224;
--
-- AUTO_INCREMENT for table `electricity_tbl`
--
ALTER TABLE `electricity_tbl`
  MODIFY `electricity_id` int(11) NOT NULL AUTO_INCREMENT,AUTO_INCREMENT=99;
--
-- AUTO_INCREMENT for table `tenant_tbl`
--
ALTER TABLE `tenant_tbl`
  MODIFY `tenant_id` int(11) NOT NULL AUTO_INCREMENT,AUTO_INCREMENT=9;
--
-- AUTO_INCREMENT for table `unit_tbl`
--
ALTER TABLE `unit_tbl`
  MODIFY `unit_id` int(11) NOT NULL AUTO_INCREMENT,AUTO_INCREMENT=9;
--
-- AUTO_INCREMENT for table `water_tbl`
--
ALTER TABLE `water_tbl`
  MODIFY `water_id` int(11) NOT NULL AUTO_INCREMENT,AUTO_INCREMENT=99;
/*!40101 SET CHARACTER_SET_CLIENT=@OLD_CHARACTER_SET_CLIENT */;
/*!40101 SET CHARACTER_SET_RESULTS=@OLD_CHARACTER_SET_RESULTS */;
/*!40101 SET COLLATION_CONNECTION=@OLD_COLLATION_CONNECTION */;
